date,month_key,month_start,month_label,month_short,day_of_month,in_snapshot
2026-04-01,202604,2026-04-01,Apr 2026,Apr,1,true
2026-04-02,202604,2026-04-01,Apr 2026,Apr,2,true
2026-04-03,202604,2026-04-01,Apr 2026,Apr,3,true
2026-04-04,202604,2026-04-01,Apr 2026,Apr,4,true
2026-04-05,202604,2026-04-01,Apr 2026,Apr,5,true
2026-04-06,202604,2026-04-01,Apr 2026,Apr,6,true
2026-04-07,202604,2026-04-01,Apr 2026,Apr,7,true
2026-04-08,202604,2026-04-01,Apr 2026,Apr,8,true
2026-04-09,202604,2026-04-01,Apr 2026,Apr,9,true
2026-04-10,202604,2026-04-01,Apr 2026,Apr,10,true
2026-04-11,202604,2026-04-01,Apr 2026,Apr,11,true
2026-04-12,202604,2026-04-01,Apr 2026,Apr,12,true
2026-04-13,202604,2026-04-01,Apr 2026,Apr,13,true
2026-04-14,202604,2026-04-01,Apr 2026,Apr,14,true
2026-04-15,202604,2026-04-01,Apr 2026,Apr,15,true
2026-04-16,202604,2026-04-01,Apr 2026,Apr,16,true
2026-04-17,202604,2026-04-01,Apr 2026,Apr,17,true
2026-04-18,202604,2026-04-01,Apr 2026,Apr,18,true
2026-04-19,202604,2026-04-01,Apr 2026,Apr,19,true
2026-04-20,202604,2026-04-01,Apr 2026,Apr,20,true
2026-04-21,202604,2026-04-01,Apr 2026,Apr,21,true
2026-04-22,202604,2026-04-01,Apr 2026,Apr,22,true
2026-04-23,202604,2026-04-01,Apr 2026,Apr,23,true
2026-04-24,202604,2026-04-01,Apr 2026,Apr,24,true
2026-04-25,202604,2026-04-01,Apr 2026,Apr,25,true
2026-04-26,202604,2026-04-01,Apr 2026,Apr,26,true
2026-04-27,202604,2026-04-01,Apr 2026,Apr,27,true
2026-04-28,202604,2026-04-01,Apr 2026,Apr,28,true
2026-04-29,202604,2026-04-01,Apr 2026,Apr,29,true
2026-04-30,202604,2026-04-01,Apr 2026,Apr,30,true
2026-05-01,202605,2026-05-01,May 2026,May,1,true
2026-05-02,202605,2026-05-01,May 2026,May,2,true
2026-05-03,202605,2026-05-01,May 2026,May,3,true
2026-05-04,202605,2026-05-01,May 2026,May,4,true
2026-05-05,202605,2026-05-01,May 2026,May,5,true
2026-05-06,202605,2026-05-01,May 2026,May,6,true
2026-05-07,202605,2026-05-01,May 2026,May,7,true
2026-05-08,202605,2026-05-01,May 2026,May,8,true
2026-05-09,202605,2026-05-01,May 2026,May,9,true
2026-05-10,202605,2026-05-01,May 2026,May,10,true
2026-05-11,202605,2026-05-01,May 2026,May,11,true
2026-05-12,202605,2026-05-01,May 2026,May,12,true
2026-05-13,202605,2026-05-01,May 2026,May,13,true
2026-05-14,202605,2026-05-01,May 2026,May,14,true
2026-05-15,202605,2026-05-01,May 2026,May,15,true
2026-05-16,202605,2026-05-01,May 2026,May,16,true
2026-05-17,202605,2026-05-01,May 2026,May,17,true
2026-05-18,202605,2026-05-01,May 2026,May,18,true
2026-05-19,202605,2026-05-01,May 2026,May,19,true
2026-05-20,202605,2026-05-01,May 2026,May,20,true
2026-05-21,202605,2026-05-01,May 2026,May,21,true
2026-05-22,202605,2026-05-01,May 2026,May,22,true
2026-05-23,202605,2026-05-01,May 2026,May,23,true
2026-05-24,202605,2026-05-01,May 2026,May,24,true
2026-05-25,202605,2026-05-01,May 2026,May,25,true
2026-05-26,202605,2026-05-01,May 2026,May,26,true
2026-05-27,202605,2026-05-01,May 2026,May,27,true
2026-05-28,202605,2026-05-01,May 2026,May,28,true
2026-05-29,202605,2026-05-01,May 2026,May,29,true
2026-05-30,202605,2026-05-01,May 2026,May,30,true
2026-05-31,202605,2026-05-01,May 2026,May,31,true
2026-06-01,202606,2026-06-01,Jun 2026,Jun,1,true
2026-06-02,202606,2026-06-01,Jun 2026,Jun,2,true
2026-06-03,202606,2026-06-01,Jun 2026,Jun,3,true
2026-06-04,202606,2026-06-01,Jun 2026,Jun,4,true
2026-06-05,202606,2026-06-01,Jun 2026,Jun,5,true
2026-06-06,202606,2026-06-01,Jun 2026,Jun,6,true
2026-06-07,202606,2026-06-01,Jun 2026,Jun,7,true
2026-06-08,202606,2026-06-01,Jun 2026,Jun,8,true
2026-06-09,202606,2026-06-01,Jun 2026,Jun,9,true
2026-06-10,202606,2026-06-01,Jun 2026,Jun,10,true
2026-06-11,202606,2026-06-01,Jun 2026,Jun,11,true
2026-06-12,202606,2026-06-01,Jun 2026,Jun,12,true
2026-06-13,202606,2026-06-01,Jun 2026,Jun,13,true
2026-06-14,202606,2026-06-01,Jun 2026,Jun,14,true
2026-06-15,202606,2026-06-01,Jun 2026,Jun,15,true
2026-06-16,202606,2026-06-01,Jun 2026,Jun,16,true
2026-06-17,202606,2026-06-01,Jun 2026,Jun,17,true
2026-06-18,202606,2026-06-01,Jun 2026,Jun,18,true
2026-06-19,202606,2026-06-01,Jun 2026,Jun,19,true
2026-06-20,202606,2026-06-01,Jun 2026,Jun,20,true
2026-06-21,202606,2026-06-01,Jun 2026,Jun,21,true
2026-06-22,202606,2026-06-01,Jun 2026,Jun,22,true
2026-06-23,202606,2026-06-01,Jun 2026,Jun,23,true
2026-06-24,202606,2026-06-01,Jun 2026,Jun,24,true
2026-06-25,202606,2026-06-01,Jun 2026,Jun,25,true
2026-06-26,202606,2026-06-01,Jun 2026,Jun,26,true
2026-06-27,202606,2026-06-01,Jun 2026,Jun,27,true
2026-06-28,202606,2026-06-01,Jun 2026,Jun,28,true
2026-06-29,202606,2026-06-01,Jun 2026,Jun,29,true
2026-06-30,202606,2026-06-01,Jun 2026,Jun,30,true
2026-07-01,202607,2026-07-01,Jul 2026,Jul,1,true
2026-07-02,202607,2026-07-01,Jul 2026,Jul,2,true
2026-07-03,202607,2026-07-01,Jul 2026,Jul,3,true
2026-07-04,202607,2026-07-01,Jul 2026,Jul,4,true
2026-07-05,202607,2026-07-01,Jul 2026,Jul,5,true
2026-07-06,202607,2026-07-01,Jul 2026,Jul,6,true
2026-07-07,202607,2026-07-01,Jul 2026,Jul,7,true
2026-07-08,202607,2026-07-01,Jul 2026,Jul,8,true
2026-07-09,202607,2026-07-01,Jul 2026,Jul,9,true
2026-07-10,202607,2026-07-01,Jul 2026,Jul,10,true
2026-07-11,202607,2026-07-01,Jul 2026,Jul,11,true
2026-07-12,202607,2026-07-01,Jul 2026,Jul,12,true
2026-07-13,202607,2026-07-01,Jul 2026,Jul,13,true
2026-07-14,202607,2026-07-01,Jul 2026,Jul,14,true
2026-07-15,202607,2026-07-01,Jul 2026,Jul,15,true
2026-07-16,202607,2026-07-01,Jul 2026,Jul,16,true
2026-07-17,202607,2026-07-01,Jul 2026,Jul,17,true
2026-07-18,202607,2026-07-01,Jul 2026,Jul,18,true
2026-07-19,202607,2026-07-01,Jul 2026,Jul,19,true
2026-07-20,202607,2026-07-01,Jul 2026,Jul,20,true
2026-07-21,202607,2026-07-01,Jul 2026,Jul,21,true
2026-07-22,202607,2026-07-01,Jul 2026,Jul,22,true
2026-07-23,202607,2026-07-01,Jul 2026,Jul,23,true
2026-07-24,202607,2026-07-01,Jul 2026,Jul,24,true
2026-07-25,202607,2026-07-01,Jul 2026,Jul,25,true
2026-07-26,202607,2026-07-01,Jul 2026,Jul,26,true
2026-07-27,202607,2026-07-01,Jul 2026,Jul,27,true
2026-07-28,202607,2026-07-01,Jul 2026,Jul,28,true
2026-07-29,202607,2026-07-01,Jul 2026,Jul,29,true
2026-07-30,202607,2026-07-01,Jul 2026,Jul,30,true
2026-07-31,202607,2026-07-01,Jul 2026,Jul,31,true
2026-08-01,202608,2026-08-01,Aug 2026,Aug,1,true
2026-08-02,202608,2026-08-01,Aug 2026,Aug,2,true
2026-08-03,202608,2026-08-01,Aug 2026,Aug,3,true
2026-08-04,202608,2026-08-01,Aug 2026,Aug,4,true
2026-08-05,202608,2026-08-01,Aug 2026,Aug,5,true
2026-08-06,202608,2026-08-01,Aug 2026,Aug,6,true
2026-08-07,202608,2026-08-01,Aug 2026,Aug,7,true
2026-08-08,202608,2026-08-01,Aug 2026,Aug,8,true
2026-08-09,202608,2026-08-01,Aug 2026,Aug,9,true
2026-08-10,202608,2026-08-01,Aug 2026,Aug,10,true
2026-08-11,202608,2026-08-01,Aug 2026,Aug,11,true
2026-08-12,202608,2026-08-01,Aug 2026,Aug,12,true
2026-08-13,202608,2026-08-01,Aug 2026,Aug,13,true
2026-08-14,202608,2026-08-01,Aug 2026,Aug,14,true
2026-08-15,202608,2026-08-01,Aug 2026,Aug,15,true
2026-08-16,202608,2026-08-01,Aug 2026,Aug,16,true
2026-08-17,202608,2026-08-01,Aug 2026,Aug,17,true
2026-08-18,202608,2026-08-01,Aug 2026,Aug,18,true
2026-08-19,202608,2026-08-01,Aug 2026,Aug,19,true
2026-08-20,202608,2026-08-01,Aug 2026,Aug,20,true
2026-08-21,202608,2026-08-01,Aug 2026,Aug,21,true
2026-08-22,202608,2026-08-01,Aug 2026,Aug,22,true
2026-08-23,202608,2026-08-01,Aug 2026,Aug,23,true
2026-08-24,202608,2026-08-01,Aug 2026,Aug,24,true
2026-08-25,202608,2026-08-01,Aug 2026,Aug,25,true
2026-08-26,202608,2026-08-01,Aug 2026,Aug,26,true
2026-08-27,202608,2026-08-01,Aug 2026,Aug,27,true
2026-08-28,202608,2026-08-01,Aug 2026,Aug,28,true
2026-08-29,202608,2026-08-01,Aug 2026,Aug,29,true
2026-08-30,202608,2026-08-01,Aug 2026,Aug,30,true
2026-08-31,202608,2026-08-01,Aug 2026,Aug,31,true
2026-09-01,202609,2026-09-01,Sep 2026,Sep,1,true
2026-09-02,202609,2026-09-01,Sep 2026,Sep,2,true
2026-09-03,202609,2026-09-01,Sep 2026,Sep,3,true
2026-09-04,202609,2026-09-01,Sep 2026,Sep,4,true
2026-09-05,202609,2026-09-01,Sep 2026,Sep,5,true
2026-09-06,202609,2026-09-01,Sep 2026,Sep,6,true
2026-09-07,202609,2026-09-01,Sep 2026,Sep,7,true
2026-09-08,202609,2026-09-01,Sep 2026,Sep,8,true
2026-09-09,202609,2026-09-01,Sep 2026,Sep,9,true
2026-09-10,202609,2026-09-01,Sep 2026,Sep,10,true
2026-09-11,202609,2026-09-01,Sep 2026,Sep,11,true
2026-09-12,202609,2026-09-01,Sep 2026,Sep,12,true
2026-09-13,202609,2026-09-01,Sep 2026,Sep,13,true
2026-09-14,202609,2026-09-01,Sep 2026,Sep,14,true
2026-09-15,202609,2026-09-01,Sep 2026,Sep,15,true
2026-09-16,202609,2026-09-01,Sep 2026,Sep,16,true
2026-09-17,202609,2026-09-01,Sep 2026,Sep,17,true
2026-09-18,202609,2026-09-01,Sep 2026,Sep,18,true
2026-09-19,202609,2026-09-01,Sep 2026,Sep,19,true
2026-09-20,202609,2026-09-01,Sep 2026,Sep,20,true
2026-09-21,202609,2026-09-01,Sep 2026,Sep,21,false
2026-09-22,202609,2026-09-01,Sep 2026,Sep,22,false
2026-09-23,202609,2026-09-01,Sep 2026,Sep,23,false
2026-09-24,202609,2026-09-01,Sep 2026,Sep,24,false
2026-09-25,202609,2026-09-01,Sep 2026,Sep,25,false
2026-09-26,202609,2026-09-01,Sep 2026,Sep,26,false
2026-09-27,202609,2026-09-01,Sep 2026,Sep,27,false
2026-09-28,202609,2026-09-01,Sep 2026,Sep,28,false
2026-09-29,202609,2026-09-01,Sep 2026,Sep,29,false
2026-09-30,202609,2026-09-01,Sep 2026,Sep,30,false
