snapshot_id,scope_id,scope_kind,month_key,region_key,check_code,column_name,dimension,comparison,threshold,observed_value,check_status,gate_verdict,evidence_coverage,not_evaluated_reason,message,evidence_source
snap-2026-09-20,dataset,dataset,,,max_null_percentage,category,,at_most,5.0,2.17,passed,pass,complete,,this column's null percentage is within the allowance,dataprof 0.12.0 check()
snap-2026-09-20,dataset,dataset,,,max_null_percentage,order_date,,at_most,0.0,0.0,passed,pass,complete,,this column's null percentage is within the allowance,dataprof 0.12.0 check()
snap-2026-09-20,dataset,dataset,,,max_null_percentage,order_id,,at_most,0.0,0.0,passed,pass,complete,,this column's null percentage is within the allowance,dataprof 0.12.0 check()
snap-2026-09-20,dataset,dataset,,,max_null_percentage,region,,at_most,0.0,0.0,passed,pass,complete,,this column's null percentage is within the allowance,dataprof 0.12.0 check()
snap-2026-09-20,dataset,dataset,,,max_null_percentage,revenue_amount,,at_most,0.0,0.0,passed,pass,complete,,this column's null percentage is within the allowance,dataprof 0.12.0 check()
snap-2026-09-20,dataset,dataset,,,max_duplicate_rows,,uniqueness,at_most,0,0,passed,pass,complete,,the duplicate-row count is within the allowance,dataprof 0.12.0 check()
snap-2026-09-20,202604,month,202604,,max_null_percentage,category,,at_most,5.0,1.7,passed,pass,complete,,this column's null percentage is within the allowance,dataprof 0.12.0 check()
snap-2026-09-20,202604,month,202604,,max_null_percentage,order_date,,at_most,0.0,0.0,passed,pass,complete,,this column's null percentage is within the allowance,dataprof 0.12.0 check()
snap-2026-09-20,202604,month,202604,,max_null_percentage,order_id,,at_most,0.0,0.0,passed,pass,complete,,this column's null percentage is within the allowance,dataprof 0.12.0 check()
snap-2026-09-20,202604,month,202604,,max_null_percentage,region,,at_most,0.0,0.0,passed,pass,complete,,this column's null percentage is within the allowance,dataprof 0.12.0 check()
snap-2026-09-20,202604,month,202604,,max_null_percentage,revenue_amount,,at_most,0.0,0.0,passed,pass,complete,,this column's null percentage is within the allowance,dataprof 0.12.0 check()
snap-2026-09-20,202604,month,202604,,max_duplicate_rows,,uniqueness,at_most,0,0,passed,pass,complete,,the duplicate-row count is within the allowance,dataprof 0.12.0 check()
snap-2026-09-20,202604-Central,month_region,202604,Central,max_null_percentage,category,,at_most,5.0,1.51,passed,pass,complete,,this column's null percentage is within the allowance,dataprof 0.12.0 check()
snap-2026-09-20,202604-Central,month_region,202604,Central,max_null_percentage,order_date,,at_most,0.0,0.0,passed,pass,complete,,this column's null percentage is within the allowance,dataprof 0.12.0 check()
snap-2026-09-20,202604-Central,month_region,202604,Central,max_null_percentage,order_id,,at_most,0.0,0.0,passed,pass,complete,,this column's null percentage is within the allowance,dataprof 0.12.0 check()
snap-2026-09-20,202604-Central,month_region,202604,Central,max_null_percentage,region,,at_most,0.0,0.0,passed,pass,complete,,this column's null percentage is within the allowance,dataprof 0.12.0 check()
snap-2026-09-20,202604-Central,month_region,202604,Central,max_null_percentage,revenue_amount,,at_most,0.0,0.0,passed,pass,complete,,this column's null percentage is within the allowance,dataprof 0.12.0 check()
snap-2026-09-20,202604-Central,month_region,202604,Central,max_duplicate_rows,,uniqueness,at_most,0,0,passed,pass,complete,,the duplicate-row count is within the allowance,dataprof 0.12.0 check()
snap-2026-09-20,202604-North,month_region,202604,North,max_null_percentage,category,,at_most,5.0,1.8,passed,pass,complete,,this column's null percentage is within the allowance,dataprof 0.12.0 check()
snap-2026-09-20,202604-North,month_region,202604,North,max_null_percentage,order_date,,at_most,0.0,0.0,passed,pass,complete,,this column's null percentage is within the allowance,dataprof 0.12.0 check()
snap-2026-09-20,202604-North,month_region,202604,North,max_null_percentage,order_id,,at_most,0.0,0.0,passed,pass,complete,,this column's null percentage is within the allowance,dataprof 0.12.0 check()
snap-2026-09-20,202604-North,month_region,202604,North,max_null_percentage,region,,at_most,0.0,0.0,passed,pass,complete,,this column's null percentage is within the allowance,dataprof 0.12.0 check()
snap-2026-09-20,202604-North,month_region,202604,North,max_null_percentage,revenue_amount,,at_most,0.0,0.0,passed,pass,complete,,this column's null percentage is within the allowance,dataprof 0.12.0 check()
snap-2026-09-20,202604-North,month_region,202604,North,max_duplicate_rows,,uniqueness,at_most,0,0,passed,pass,complete,,the duplicate-row count is within the allowance,dataprof 0.12.0 check()
snap-2026-09-20,202604-South,month_region,202604,South,max_null_percentage,category,,at_most,5.0,1.84,passed,pass,complete,,this column's null percentage is within the allowance,dataprof 0.12.0 check()
snap-2026-09-20,202604-South,month_region,202604,South,max_null_percentage,order_date,,at_most,0.0,0.0,passed,pass,complete,,this column's null percentage is within the allowance,dataprof 0.12.0 check()
snap-2026-09-20,202604-South,month_region,202604,South,max_null_percentage,order_id,,at_most,0.0,0.0,passed,pass,complete,,this column's null percentage is within the allowance,dataprof 0.12.0 check()
snap-2026-09-20,202604-South,month_region,202604,South,max_null_percentage,region,,at_most,0.0,0.0,passed,pass,complete,,this column's null percentage is within the allowance,dataprof 0.12.0 check()
snap-2026-09-20,202604-South,month_region,202604,South,max_null_percentage,revenue_amount,,at_most,0.0,0.0,passed,pass,complete,,this column's null percentage is within the allowance,dataprof 0.12.0 check()
snap-2026-09-20,202604-South,month_region,202604,South,max_duplicate_rows,,uniqueness,at_most,0,0,passed,pass,complete,,the duplicate-row count is within the allowance,dataprof 0.12.0 check()
snap-2026-09-20,202605,month,202605,,max_null_percentage,category,,at_most,5.0,1.99,passed,pass,complete,,this column's null percentage is within the allowance,dataprof 0.12.0 check()
snap-2026-09-20,202605,month,202605,,max_null_percentage,order_date,,at_most,0.0,0.0,passed,pass,complete,,this column's null percentage is within the allowance,dataprof 0.12.0 check()
snap-2026-09-20,202605,month,202605,,max_null_percentage,order_id,,at_most,0.0,0.0,passed,pass,complete,,this column's null percentage is within the allowance,dataprof 0.12.0 check()
snap-2026-09-20,202605,month,202605,,max_null_percentage,region,,at_most,0.0,0.0,passed,pass,complete,,this column's null percentage is within the allowance,dataprof 0.12.0 check()
snap-2026-09-20,202605,month,202605,,max_null_percentage,revenue_amount,,at_most,0.0,0.0,passed,pass,complete,,this column's null percentage is within the allowance,dataprof 0.12.0 check()
snap-2026-09-20,202605,month,202605,,max_duplicate_rows,,uniqueness,at_most,0,0,passed,pass,complete,,the duplicate-row count is within the allowance,dataprof 0.12.0 check()
snap-2026-09-20,202605-Central,month_region,202605,Central,max_null_percentage,category,,at_most,5.0,2.08,passed,pass,complete,,this column's null percentage is within the allowance,dataprof 0.12.0 check()
snap-2026-09-20,202605-Central,month_region,202605,Central,max_null_percentage,order_date,,at_most,0.0,0.0,passed,pass,complete,,this column's null percentage is within the allowance,dataprof 0.12.0 check()
snap-2026-09-20,202605-Central,month_region,202605,Central,max_null_percentage,order_id,,at_most,0.0,0.0,passed,pass,complete,,this column's null percentage is within the allowance,dataprof 0.12.0 check()
snap-2026-09-20,202605-Central,month_region,202605,Central,max_null_percentage,region,,at_most,0.0,0.0,passed,pass,complete,,this column's null percentage is within the allowance,dataprof 0.12.0 check()
snap-2026-09-20,202605-Central,month_region,202605,Central,max_null_percentage,revenue_amount,,at_most,0.0,0.0,passed,pass,complete,,this column's null percentage is within the allowance,dataprof 0.12.0 check()
snap-2026-09-20,202605-Central,month_region,202605,Central,max_duplicate_rows,,uniqueness,at_most,0,0,passed,pass,complete,,the duplicate-row count is within the allowance,dataprof 0.12.0 check()
snap-2026-09-20,202605-North,month_region,202605,North,max_null_percentage,category,,at_most,5.0,1.86,passed,pass,complete,,this column's null percentage is within the allowance,dataprof 0.12.0 check()
snap-2026-09-20,202605-North,month_region,202605,North,max_null_percentage,order_date,,at_most,0.0,0.0,passed,pass,complete,,this column's null percentage is within the allowance,dataprof 0.12.0 check()
snap-2026-09-20,202605-North,month_region,202605,North,max_null_percentage,order_id,,at_most,0.0,0.0,passed,pass,complete,,this column's null percentage is within the allowance,dataprof 0.12.0 check()
snap-2026-09-20,202605-North,month_region,202605,North,max_null_percentage,region,,at_most,0.0,0.0,passed,pass,complete,,this column's null percentage is within the allowance,dataprof 0.12.0 check()
snap-2026-09-20,202605-North,month_region,202605,North,max_null_percentage,revenue_amount,,at_most,0.0,0.0,passed,pass,complete,,this column's null percentage is within the allowance,dataprof 0.12.0 check()
snap-2026-09-20,202605-North,month_region,202605,North,max_duplicate_rows,,uniqueness,at_most,0,0,passed,pass,complete,,the duplicate-row count is within the allowance,dataprof 0.12.0 check()
snap-2026-09-20,202605-South,month_region,202605,South,max_null_percentage,category,,at_most,5.0,2.05,passed,pass,complete,,this column's null percentage is within the allowance,dataprof 0.12.0 check()
snap-2026-09-20,202605-South,month_region,202605,South,max_null_percentage,order_date,,at_most,0.0,0.0,passed,pass,complete,,this column's null percentage is within the allowance,dataprof 0.12.0 check()
snap-2026-09-20,202605-South,month_region,202605,South,max_null_percentage,order_id,,at_most,0.0,0.0,passed,pass,complete,,this column's null percentage is within the allowance,dataprof 0.12.0 check()
snap-2026-09-20,202605-South,month_region,202605,South,max_null_percentage,region,,at_most,0.0,0.0,passed,pass,complete,,this column's null percentage is within the allowance,dataprof 0.12.0 check()
snap-2026-09-20,202605-South,month_region,202605,South,max_null_percentage,revenue_amount,,at_most,0.0,0.0,passed,pass,complete,,this column's null percentage is within the allowance,dataprof 0.12.0 check()
snap-2026-09-20,202605-South,month_region,202605,South,max_duplicate_rows,,uniqueness,at_most,0,0,passed,pass,complete,,the duplicate-row count is within the allowance,dataprof 0.12.0 check()
snap-2026-09-20,202606,month,202606,,max_null_percentage,category,,at_most,5.0,2.15,passed,pass,complete,,this column's null percentage is within the allowance,dataprof 0.12.0 check()
snap-2026-09-20,202606,month,202606,,max_null_percentage,order_date,,at_most,0.0,0.0,passed,pass,complete,,this column's null percentage is within the allowance,dataprof 0.12.0 check()
snap-2026-09-20,202606,month,202606,,max_null_percentage,order_id,,at_most,0.0,0.0,passed,pass,complete,,this column's null percentage is within the allowance,dataprof 0.12.0 check()
snap-2026-09-20,202606,month,202606,,max_null_percentage,region,,at_most,0.0,0.0,passed,pass,complete,,this column's null percentage is within the allowance,dataprof 0.12.0 check()
snap-2026-09-20,202606,month,202606,,max_null_percentage,revenue_amount,,at_most,0.0,0.0,passed,pass,complete,,this column's null percentage is within the allowance,dataprof 0.12.0 check()
snap-2026-09-20,202606,month,202606,,max_duplicate_rows,,uniqueness,at_most,0,0,passed,pass,complete,,the duplicate-row count is within the allowance,dataprof 0.12.0 check()
snap-2026-09-20,202606-Central,month_region,202606,Central,max_null_percentage,category,,at_most,5.0,2.33,passed,pass,complete,,this column's null percentage is within the allowance,dataprof 0.12.0 check()
snap-2026-09-20,202606-Central,month_region,202606,Central,max_null_percentage,order_date,,at_most,0.0,0.0,passed,pass,complete,,this column's null percentage is within the allowance,dataprof 0.12.0 check()
snap-2026-09-20,202606-Central,month_region,202606,Central,max_null_percentage,order_id,,at_most,0.0,0.0,passed,pass,complete,,this column's null percentage is within the allowance,dataprof 0.12.0 check()
snap-2026-09-20,202606-Central,month_region,202606,Central,max_null_percentage,region,,at_most,0.0,0.0,passed,pass,complete,,this column's null percentage is within the allowance,dataprof 0.12.0 check()
snap-2026-09-20,202606-Central,month_region,202606,Central,max_null_percentage,revenue_amount,,at_most,0.0,0.0,passed,pass,complete,,this column's null percentage is within the allowance,dataprof 0.12.0 check()
snap-2026-09-20,202606-Central,month_region,202606,Central,max_duplicate_rows,,uniqueness,at_most,0,0,passed,pass,complete,,the duplicate-row count is within the allowance,dataprof 0.12.0 check()
snap-2026-09-20,202606-North,month_region,202606,North,max_null_percentage,category,,at_most,5.0,2.49,passed,pass,complete,,this column's null percentage is within the allowance,dataprof 0.12.0 check()
snap-2026-09-20,202606-North,month_region,202606,North,max_null_percentage,order_date,,at_most,0.0,0.0,passed,pass,complete,,this column's null percentage is within the allowance,dataprof 0.12.0 check()
snap-2026-09-20,202606-North,month_region,202606,North,max_null_percentage,order_id,,at_most,0.0,0.0,passed,pass,complete,,this column's null percentage is within the allowance,dataprof 0.12.0 check()
snap-2026-09-20,202606-North,month_region,202606,North,max_null_percentage,region,,at_most,0.0,0.0,passed,pass,complete,,this column's null percentage is within the allowance,dataprof 0.12.0 check()
snap-2026-09-20,202606-North,month_region,202606,North,max_null_percentage,revenue_amount,,at_most,0.0,0.0,passed,pass,complete,,this column's null percentage is within the allowance,dataprof 0.12.0 check()
snap-2026-09-20,202606-North,month_region,202606,North,max_duplicate_rows,,uniqueness,at_most,0,0,passed,pass,complete,,the duplicate-row count is within the allowance,dataprof 0.12.0 check()
snap-2026-09-20,202606-South,month_region,202606,South,max_null_percentage,category,,at_most,5.0,1.3,passed,pass,complete,,this column's null percentage is within the allowance,dataprof 0.12.0 check()
snap-2026-09-20,202606-South,month_region,202606,South,max_null_percentage,order_date,,at_most,0.0,0.0,passed,pass,complete,,this column's null percentage is within the allowance,dataprof 0.12.0 check()
snap-2026-09-20,202606-South,month_region,202606,South,max_null_percentage,order_id,,at_most,0.0,0.0,passed,pass,complete,,this column's null percentage is within the allowance,dataprof 0.12.0 check()
snap-2026-09-20,202606-South,month_region,202606,South,max_null_percentage,region,,at_most,0.0,0.0,passed,pass,complete,,this column's null percentage is within the allowance,dataprof 0.12.0 check()
snap-2026-09-20,202606-South,month_region,202606,South,max_null_percentage,revenue_amount,,at_most,0.0,0.0,passed,pass,complete,,this column's null percentage is within the allowance,dataprof 0.12.0 check()
snap-2026-09-20,202606-South,month_region,202606,South,max_duplicate_rows,,uniqueness,at_most,0,0,passed,pass,complete,,the duplicate-row count is within the allowance,dataprof 0.12.0 check()
snap-2026-09-20,202607,month,202607,,max_null_percentage,category,,at_most,5.0,1.84,passed,pass,complete,,this column's null percentage is within the allowance,dataprof 0.12.0 check()
snap-2026-09-20,202607,month,202607,,max_null_percentage,order_date,,at_most,0.0,0.0,passed,pass,complete,,this column's null percentage is within the allowance,dataprof 0.12.0 check()
snap-2026-09-20,202607,month,202607,,max_null_percentage,order_id,,at_most,0.0,0.0,passed,pass,complete,,this column's null percentage is within the allowance,dataprof 0.12.0 check()
snap-2026-09-20,202607,month,202607,,max_null_percentage,region,,at_most,0.0,0.0,passed,pass,complete,,this column's null percentage is within the allowance,dataprof 0.12.0 check()
snap-2026-09-20,202607,month,202607,,max_null_percentage,revenue_amount,,at_most,0.0,0.0,passed,pass,complete,,this column's null percentage is within the allowance,dataprof 0.12.0 check()
snap-2026-09-20,202607,month,202607,,max_duplicate_rows,,uniqueness,at_most,0,0,passed,pass,complete,,the duplicate-row count is within the allowance,dataprof 0.12.0 check()
snap-2026-09-20,202607-Central,month_region,202607,Central,max_null_percentage,category,,at_most,5.0,1.5,passed,pass,complete,,this column's null percentage is within the allowance,dataprof 0.12.0 check()
snap-2026-09-20,202607-Central,month_region,202607,Central,max_null_percentage,order_date,,at_most,0.0,0.0,passed,pass,complete,,this column's null percentage is within the allowance,dataprof 0.12.0 check()
snap-2026-09-20,202607-Central,month_region,202607,Central,max_null_percentage,order_id,,at_most,0.0,0.0,passed,pass,complete,,this column's null percentage is within the allowance,dataprof 0.12.0 check()
snap-2026-09-20,202607-Central,month_region,202607,Central,max_null_percentage,region,,at_most,0.0,0.0,passed,pass,complete,,this column's null percentage is within the allowance,dataprof 0.12.0 check()
snap-2026-09-20,202607-Central,month_region,202607,Central,max_null_percentage,revenue_amount,,at_most,0.0,0.0,passed,pass,complete,,this column's null percentage is within the allowance,dataprof 0.12.0 check()
snap-2026-09-20,202607-Central,month_region,202607,Central,max_duplicate_rows,,uniqueness,at_most,0,0,passed,pass,complete,,the duplicate-row count is within the allowance,dataprof 0.12.0 check()
snap-2026-09-20,202607-North,month_region,202607,North,max_null_percentage,category,,at_most,5.0,1.91,passed,pass,complete,,this column's null percentage is within the allowance,dataprof 0.12.0 check()
snap-2026-09-20,202607-North,month_region,202607,North,max_null_percentage,order_date,,at_most,0.0,0.0,passed,pass,complete,,this column's null percentage is within the allowance,dataprof 0.12.0 check()
snap-2026-09-20,202607-North,month_region,202607,North,max_null_percentage,order_id,,at_most,0.0,0.0,passed,pass,complete,,this column's null percentage is within the allowance,dataprof 0.12.0 check()
snap-2026-09-20,202607-North,month_region,202607,North,max_null_percentage,region,,at_most,0.0,0.0,passed,pass,complete,,this column's null percentage is within the allowance,dataprof 0.12.0 check()
snap-2026-09-20,202607-North,month_region,202607,North,max_null_percentage,revenue_amount,,at_most,0.0,0.0,passed,pass,complete,,this column's null percentage is within the allowance,dataprof 0.12.0 check()
snap-2026-09-20,202607-North,month_region,202607,North,max_duplicate_rows,,uniqueness,at_most,0,0,passed,pass,complete,,the duplicate-row count is within the allowance,dataprof 0.12.0 check()
snap-2026-09-20,202607-South,month_region,202607,South,max_null_percentage,category,,at_most,5.0,2.21,passed,pass,complete,,this column's null percentage is within the allowance,dataprof 0.12.0 check()
snap-2026-09-20,202607-South,month_region,202607,South,max_null_percentage,order_date,,at_most,0.0,0.0,passed,pass,complete,,this column's null percentage is within the allowance,dataprof 0.12.0 check()
snap-2026-09-20,202607-South,month_region,202607,South,max_null_percentage,order_id,,at_most,0.0,0.0,passed,pass,complete,,this column's null percentage is within the allowance,dataprof 0.12.0 check()
snap-2026-09-20,202607-South,month_region,202607,South,max_null_percentage,region,,at_most,0.0,0.0,passed,pass,complete,,this column's null percentage is within the allowance,dataprof 0.12.0 check()
snap-2026-09-20,202607-South,month_region,202607,South,max_null_percentage,revenue_amount,,at_most,0.0,0.0,passed,pass,complete,,this column's null percentage is within the allowance,dataprof 0.12.0 check()
snap-2026-09-20,202607-South,month_region,202607,South,max_duplicate_rows,,uniqueness,at_most,0,0,passed,pass,complete,,the duplicate-row count is within the allowance,dataprof 0.12.0 check()
snap-2026-09-20,202608,month,202608,,max_null_percentage,category,,at_most,5.0,1.58,passed,pass,complete,,this column's null percentage is within the allowance,dataprof 0.12.0 check()
snap-2026-09-20,202608,month,202608,,max_null_percentage,order_date,,at_most,0.0,0.0,passed,pass,complete,,this column's null percentage is within the allowance,dataprof 0.12.0 check()
snap-2026-09-20,202608,month,202608,,max_null_percentage,order_id,,at_most,0.0,0.0,passed,pass,complete,,this column's null percentage is within the allowance,dataprof 0.12.0 check()
snap-2026-09-20,202608,month,202608,,max_null_percentage,region,,at_most,0.0,0.0,passed,pass,complete,,this column's null percentage is within the allowance,dataprof 0.12.0 check()
snap-2026-09-20,202608,month,202608,,max_null_percentage,revenue_amount,,at_most,0.0,0.0,passed,pass,complete,,this column's null percentage is within the allowance,dataprof 0.12.0 check()
snap-2026-09-20,202608,month,202608,,max_duplicate_rows,,uniqueness,at_most,0,0,passed,pass,complete,,the duplicate-row count is within the allowance,dataprof 0.12.0 check()
snap-2026-09-20,202608-Central,month_region,202608,Central,max_null_percentage,category,,at_most,5.0,1.7,passed,pass,complete,,this column's null percentage is within the allowance,dataprof 0.12.0 check()
snap-2026-09-20,202608-Central,month_region,202608,Central,max_null_percentage,order_date,,at_most,0.0,0.0,passed,pass,complete,,this column's null percentage is within the allowance,dataprof 0.12.0 check()
snap-2026-09-20,202608-Central,month_region,202608,Central,max_null_percentage,order_id,,at_most,0.0,0.0,passed,pass,complete,,this column's null percentage is within the allowance,dataprof 0.12.0 check()
snap-2026-09-20,202608-Central,month_region,202608,Central,max_null_percentage,region,,at_most,0.0,0.0,passed,pass,complete,,this column's null percentage is within the allowance,dataprof 0.12.0 check()
snap-2026-09-20,202608-Central,month_region,202608,Central,max_null_percentage,revenue_amount,,at_most,0.0,0.0,passed,pass,complete,,this column's null percentage is within the allowance,dataprof 0.12.0 check()
snap-2026-09-20,202608-Central,month_region,202608,Central,max_duplicate_rows,,uniqueness,at_most,0,0,passed,pass,complete,,the duplicate-row count is within the allowance,dataprof 0.12.0 check()
snap-2026-09-20,202608-North,month_region,202608,North,max_null_percentage,category,,at_most,5.0,1.48,passed,pass,complete,,this column's null percentage is within the allowance,dataprof 0.12.0 check()
snap-2026-09-20,202608-North,month_region,202608,North,max_null_percentage,order_date,,at_most,0.0,0.0,passed,pass,complete,,this column's null percentage is within the allowance,dataprof 0.12.0 check()
snap-2026-09-20,202608-North,month_region,202608,North,max_null_percentage,order_id,,at_most,0.0,0.0,passed,pass,complete,,this column's null percentage is within the allowance,dataprof 0.12.0 check()
snap-2026-09-20,202608-North,month_region,202608,North,max_null_percentage,region,,at_most,0.0,0.0,passed,pass,complete,,this column's null percentage is within the allowance,dataprof 0.12.0 check()
snap-2026-09-20,202608-North,month_region,202608,North,max_null_percentage,revenue_amount,,at_most,0.0,0.0,passed,pass,complete,,this column's null percentage is within the allowance,dataprof 0.12.0 check()
snap-2026-09-20,202608-North,month_region,202608,North,max_duplicate_rows,,uniqueness,at_most,0,0,passed,pass,complete,,the duplicate-row count is within the allowance,dataprof 0.12.0 check()
snap-2026-09-20,202608-South,month_region,202608,South,max_null_percentage,category,,at_most,5.0,1.57,passed,pass,complete,,this column's null percentage is within the allowance,dataprof 0.12.0 check()
snap-2026-09-20,202608-South,month_region,202608,South,max_null_percentage,order_date,,at_most,0.0,0.0,passed,pass,complete,,this column's null percentage is within the allowance,dataprof 0.12.0 check()
snap-2026-09-20,202608-South,month_region,202608,South,max_null_percentage,order_id,,at_most,0.0,0.0,passed,pass,complete,,this column's null percentage is within the allowance,dataprof 0.12.0 check()
snap-2026-09-20,202608-South,month_region,202608,South,max_null_percentage,region,,at_most,0.0,0.0,passed,pass,complete,,this column's null percentage is within the allowance,dataprof 0.12.0 check()
snap-2026-09-20,202608-South,month_region,202608,South,max_null_percentage,revenue_amount,,at_most,0.0,0.0,passed,pass,complete,,this column's null percentage is within the allowance,dataprof 0.12.0 check()
snap-2026-09-20,202608-South,month_region,202608,South,max_duplicate_rows,,uniqueness,at_most,0,0,passed,pass,complete,,the duplicate-row count is within the allowance,dataprof 0.12.0 check()
snap-2026-09-20,202609,month,202609,,max_null_percentage,category,,at_most,5.0,4.67,passed,pass,complete,,this column's null percentage is within the allowance,dataprof 0.12.0 check()
snap-2026-09-20,202609,month,202609,,max_null_percentage,order_date,,at_most,0.0,0.0,passed,pass,complete,,this column's null percentage is within the allowance,dataprof 0.12.0 check()
snap-2026-09-20,202609,month,202609,,max_null_percentage,order_id,,at_most,0.0,0.0,passed,pass,complete,,this column's null percentage is within the allowance,dataprof 0.12.0 check()
snap-2026-09-20,202609,month,202609,,max_null_percentage,region,,at_most,0.0,0.0,passed,pass,complete,,this column's null percentage is within the allowance,dataprof 0.12.0 check()
snap-2026-09-20,202609,month,202609,,max_null_percentage,revenue_amount,,at_most,0.0,0.0,passed,pass,complete,,this column's null percentage is within the allowance,dataprof 0.12.0 check()
snap-2026-09-20,202609,month,202609,,max_duplicate_rows,,uniqueness,at_most,0,0,passed,pass,complete,,the duplicate-row count is within the allowance,dataprof 0.12.0 check()
snap-2026-09-20,202609-Central,month_region,202609,Central,max_null_percentage,category,,at_most,5.0,2.21,passed,pass,complete,,this column's null percentage is within the allowance,dataprof 0.12.0 check()
snap-2026-09-20,202609-Central,month_region,202609,Central,max_null_percentage,order_date,,at_most,0.0,0.0,passed,pass,complete,,this column's null percentage is within the allowance,dataprof 0.12.0 check()
snap-2026-09-20,202609-Central,month_region,202609,Central,max_null_percentage,order_id,,at_most,0.0,0.0,passed,pass,complete,,this column's null percentage is within the allowance,dataprof 0.12.0 check()
snap-2026-09-20,202609-Central,month_region,202609,Central,max_null_percentage,region,,at_most,0.0,0.0,passed,pass,complete,,this column's null percentage is within the allowance,dataprof 0.12.0 check()
snap-2026-09-20,202609-Central,month_region,202609,Central,max_null_percentage,revenue_amount,,at_most,0.0,0.0,passed,pass,complete,,this column's null percentage is within the allowance,dataprof 0.12.0 check()
snap-2026-09-20,202609-Central,month_region,202609,Central,max_duplicate_rows,,uniqueness,at_most,0,0,passed,pass,complete,,the duplicate-row count is within the allowance,dataprof 0.12.0 check()
snap-2026-09-20,202609-North,month_region,202609,North,max_null_percentage,category,,at_most,5.0,10.22,failed,fail,complete,,this column's null percentage is above the allowance,dataprof 0.12.0 check()
snap-2026-09-20,202609-North,month_region,202609,North,max_null_percentage,order_date,,at_most,0.0,0.0,passed,fail,complete,,this column's null percentage is within the allowance,dataprof 0.12.0 check()
snap-2026-09-20,202609-North,month_region,202609,North,max_null_percentage,order_id,,at_most,0.0,0.0,passed,fail,complete,,this column's null percentage is within the allowance,dataprof 0.12.0 check()
snap-2026-09-20,202609-North,month_region,202609,North,max_null_percentage,region,,at_most,0.0,0.0,passed,fail,complete,,this column's null percentage is within the allowance,dataprof 0.12.0 check()
snap-2026-09-20,202609-North,month_region,202609,North,max_null_percentage,revenue_amount,,at_most,0.0,0.0,passed,fail,complete,,this column's null percentage is within the allowance,dataprof 0.12.0 check()
snap-2026-09-20,202609-North,month_region,202609,North,max_duplicate_rows,,uniqueness,at_most,0,0,passed,fail,complete,,the duplicate-row count is within the allowance,dataprof 0.12.0 check()
snap-2026-09-20,202609-South,month_region,202609,South,max_null_percentage,category,,at_most,5.0,1.33,passed,pass,complete,,this column's null percentage is within the allowance,dataprof 0.12.0 check()
snap-2026-09-20,202609-South,month_region,202609,South,max_null_percentage,order_date,,at_most,0.0,0.0,passed,pass,complete,,this column's null percentage is within the allowance,dataprof 0.12.0 check()
snap-2026-09-20,202609-South,month_region,202609,South,max_null_percentage,order_id,,at_most,0.0,0.0,passed,pass,complete,,this column's null percentage is within the allowance,dataprof 0.12.0 check()
snap-2026-09-20,202609-South,month_region,202609,South,max_null_percentage,region,,at_most,0.0,0.0,passed,pass,complete,,this column's null percentage is within the allowance,dataprof 0.12.0 check()
snap-2026-09-20,202609-South,month_region,202609,South,max_null_percentage,revenue_amount,,at_most,0.0,0.0,passed,pass,complete,,this column's null percentage is within the allowance,dataprof 0.12.0 check()
snap-2026-09-20,202609-South,month_region,202609,South,max_duplicate_rows,,uniqueness,at_most,0,0,passed,pass,complete,,the duplicate-row count is within the allowance,dataprof 0.12.0 check()
