snapshot_id,scope_id,scope_kind,month_key,region_key,column_name,dataprof_data_type,observed_rows,null_count,null_percentage,unique_count,unique_count_is_approximate,min_value,max_value,mean_value,key_uniqueness_pct,sampling_applied,source_exhausted,evidence_source
snap-2026-09-20,dataset,dataset,,,order_id,identifier,19793,0,0.0,19793,false,,,,100.0,false,true,dataprof 0.12.0 column_profiles
snap-2026-09-20,dataset,dataset,,,order_date,date,19793,0,0.0,173,false,,,,,false,true,dataprof 0.12.0 column_profiles
snap-2026-09-20,dataset,dataset,,,region,string,19793,0,0.0,3,false,,,,,false,true,dataprof 0.12.0 column_profiles
snap-2026-09-20,dataset,dataset,,,category,string,19793,430,2.172485222048199,4,false,,,,,false,true,dataprof 0.12.0 column_profiles
snap-2026-09-20,dataset,dataset,,,revenue_amount,float,19793,0,0.0,16475,false,5.14,3457.68,281.4939276511898,,false,true,dataprof 0.12.0 column_profiles
snap-2026-09-20,202604,month,202604,,order_id,identifier,3344,0,0.0,3344,false,,,,100.0,false,true,dataprof 0.12.0 column_profiles
snap-2026-09-20,202604,month,202604,,order_date,date,3344,0,0.0,30,false,,,,,false,true,dataprof 0.12.0 column_profiles
snap-2026-09-20,202604,month,202604,,region,string,3344,0,0.0,3,false,,,,,false,true,dataprof 0.12.0 column_profiles
snap-2026-09-20,202604,month,202604,,category,string,3344,57,1.7045454545454544,4,false,,,,,false,true,dataprof 0.12.0 column_profiles
snap-2026-09-20,202604,month,202604,,revenue_amount,float,3344,0,0.0,3218,false,8.54,2517.22,281.7173474880383,,false,true,dataprof 0.12.0 column_profiles
snap-2026-09-20,202604-Central,month_region,202604,Central,order_id,identifier,1196,0,0.0,1196,false,,,,100.0,false,true,dataprof 0.12.0 column_profiles
snap-2026-09-20,202604-Central,month_region,202604,Central,order_date,date,1196,0,0.0,30,false,,,,,false,true,dataprof 0.12.0 column_profiles
snap-2026-09-20,202604-Central,month_region,202604,Central,region,string,1196,0,0.0,1,false,,,,,false,true,dataprof 0.12.0 column_profiles
snap-2026-09-20,202604-Central,month_region,202604,Central,category,string,1196,18,1.5050167224080269,4,false,,,,,false,true,dataprof 0.12.0 column_profiles
snap-2026-09-20,202604-Central,month_region,202604,Central,revenue_amount,float,1196,0,0.0,1175,false,8.91,2113.89,273.36048494983277,,false,true,dataprof 0.12.0 column_profiles
snap-2026-09-20,202604-North,month_region,202604,North,order_id,identifier,1333,0,0.0,1333,false,,,,100.0,false,true,dataprof 0.12.0 column_profiles
snap-2026-09-20,202604-North,month_region,202604,North,order_date,date,1333,0,0.0,30,false,,,,,false,true,dataprof 0.12.0 column_profiles
snap-2026-09-20,202604-North,month_region,202604,North,region,string,1333,0,0.0,1,false,,,,,false,true,dataprof 0.12.0 column_profiles
snap-2026-09-20,202604-North,month_region,202604,North,category,string,1333,24,1.8004501125281318,4,false,,,,,false,true,dataprof 0.12.0 column_profiles
snap-2026-09-20,202604-North,month_region,202604,North,revenue_amount,float,1333,0,0.0,1312,false,9.07,2517.22,295.1776669167292,,false,true,dataprof 0.12.0 column_profiles
snap-2026-09-20,202604-South,month_region,202604,South,order_id,identifier,815,0,0.0,815,false,,,,100.0,false,true,dataprof 0.12.0 column_profiles
snap-2026-09-20,202604-South,month_region,202604,South,order_date,date,815,0,0.0,30,false,,,,,false,true,dataprof 0.12.0 column_profiles
snap-2026-09-20,202604-South,month_region,202604,South,region,string,815,0,0.0,1,false,,,,,false,true,dataprof 0.12.0 column_profiles
snap-2026-09-20,202604-South,month_region,202604,South,category,string,815,15,1.8404907975460123,4,false,,,,,false,true,dataprof 0.12.0 column_profiles
snap-2026-09-20,202604-South,month_region,202604,South,revenue_amount,float,815,0,0.0,803,false,8.54,1787.74,271.96544785276075,,false,true,dataprof 0.12.0 column_profiles
snap-2026-09-20,202605,month,202605,,order_id,identifier,3476,0,0.0,3476,false,,,,100.0,false,true,dataprof 0.12.0 column_profiles
snap-2026-09-20,202605,month,202605,,order_date,date,3476,0,0.0,31,false,,,,,false,true,dataprof 0.12.0 column_profiles
snap-2026-09-20,202605,month,202605,,region,string,3476,0,0.0,3,false,,,,,false,true,dataprof 0.12.0 column_profiles
snap-2026-09-20,202605,month,202605,,category,string,3476,69,1.9850402761795167,4,false,,,,,false,true,dataprof 0.12.0 column_profiles
snap-2026-09-20,202605,month,202605,,revenue_amount,float,3476,0,0.0,3342,false,7.6,2689.86,282.5161507479862,,false,true,dataprof 0.12.0 column_profiles
snap-2026-09-20,202605-Central,month_region,202605,Central,order_id,identifier,1253,0,0.0,1253,false,,,,100.0,false,true,dataprof 0.12.0 column_profiles
snap-2026-09-20,202605-Central,month_region,202605,Central,order_date,date,1253,0,0.0,31,false,,,,,false,true,dataprof 0.12.0 column_profiles
snap-2026-09-20,202605-Central,month_region,202605,Central,region,string,1253,0,0.0,1,false,,,,,false,true,dataprof 0.12.0 column_profiles
snap-2026-09-20,202605-Central,month_region,202605,Central,category,string,1253,26,2.0750199521149244,4,false,,,,,false,true,dataprof 0.12.0 column_profiles
snap-2026-09-20,202605-Central,month_region,202605,Central,revenue_amount,float,1253,0,0.0,1226,false,7.7,2214.64,278.7325219473264,,false,true,dataprof 0.12.0 column_profiles
snap-2026-09-20,202605-North,month_region,202605,North,order_id,identifier,1346,0,0.0,1346,false,,,,100.0,false,true,dataprof 0.12.0 column_profiles
snap-2026-09-20,202605-North,month_region,202605,North,order_date,date,1346,0,0.0,31,false,,,,,false,true,dataprof 0.12.0 column_profiles
snap-2026-09-20,202605-North,month_region,202605,North,region,string,1346,0,0.0,1,false,,,,,false,true,dataprof 0.12.0 column_profiles
snap-2026-09-20,202605-North,month_region,202605,North,category,string,1346,25,1.8573551263001487,4,false,,,,,false,true,dataprof 0.12.0 column_profiles
snap-2026-09-20,202605-North,month_region,202605,North,revenue_amount,float,1346,0,0.0,1333,false,8.6,2689.86,291.41265230312035,,false,true,dataprof 0.12.0 column_profiles
snap-2026-09-20,202605-South,month_region,202605,South,order_id,identifier,877,0,0.0,877,false,,,,100.0,false,true,dataprof 0.12.0 column_profiles
snap-2026-09-20,202605-South,month_region,202605,South,order_date,date,877,0,0.0,31,false,,,,,false,true,dataprof 0.12.0 column_profiles
snap-2026-09-20,202605-South,month_region,202605,South,region,string,877,0,0.0,1,false,,,,,false,true,dataprof 0.12.0 column_profiles
snap-2026-09-20,202605-South,month_region,202605,South,category,string,877,18,2.0524515393386547,4,false,,,,,false,true,dataprof 0.12.0 column_profiles
snap-2026-09-20,202605-South,month_region,202605,South,revenue_amount,float,877,0,0.0,871,false,7.6,2028.44,274.26779931584946,,false,true,dataprof 0.12.0 column_profiles
snap-2026-09-20,202606,month,202606,,order_id,identifier,3495,0,0.0,3495,false,,,,100.0,false,true,dataprof 0.12.0 column_profiles
snap-2026-09-20,202606,month,202606,,order_date,date,3495,0,0.0,30,false,,,,,false,true,dataprof 0.12.0 column_profiles
snap-2026-09-20,202606,month,202606,,region,string,3495,0,0.0,3,false,,,,,false,true,dataprof 0.12.0 column_profiles
snap-2026-09-20,202606,month,202606,,category,string,3495,75,2.1459227467811157,4,false,,,,,false,true,dataprof 0.12.0 column_profiles
snap-2026-09-20,202606,month,202606,,revenue_amount,float,3495,0,0.0,3382,false,5.14,2788.88,284.9907181688126,,false,true,dataprof 0.12.0 column_profiles
snap-2026-09-20,202606-Central,month_region,202606,Central,order_id,identifier,1245,0,0.0,1245,false,,,,100.0,false,true,dataprof 0.12.0 column_profiles
snap-2026-09-20,202606-Central,month_region,202606,Central,order_date,date,1245,0,0.0,30,false,,,,,false,true,dataprof 0.12.0 column_profiles
snap-2026-09-20,202606-Central,month_region,202606,Central,region,string,1245,0,0.0,1,false,,,,,false,true,dataprof 0.12.0 column_profiles
snap-2026-09-20,202606-Central,month_region,202606,Central,category,string,1245,29,2.3293172690763053,4,false,,,,,false,true,dataprof 0.12.0 column_profiles
snap-2026-09-20,202606-Central,month_region,202606,Central,revenue_amount,float,1245,0,0.0,1236,false,9.13,1965.57,284.45848192771086,,false,true,dataprof 0.12.0 column_profiles
snap-2026-09-20,202606-North,month_region,202606,North,order_id,identifier,1407,0,0.0,1407,false,,,,100.0,false,true,dataprof 0.12.0 column_profiles
snap-2026-09-20,202606-North,month_region,202606,North,order_date,date,1407,0,0.0,30,false,,,,,false,true,dataprof 0.12.0 column_profiles
snap-2026-09-20,202606-North,month_region,202606,North,region,string,1407,0,0.0,1,false,,,,,false,true,dataprof 0.12.0 column_profiles
snap-2026-09-20,202606-North,month_region,202606,North,category,string,1407,35,2.4875621890547266,4,false,,,,,false,true,dataprof 0.12.0 column_profiles
snap-2026-09-20,202606-North,month_region,202606,North,revenue_amount,float,1407,0,0.0,1389,false,10.5,2788.88,285.1548898365316,,false,true,dataprof 0.12.0 column_profiles
snap-2026-09-20,202606-South,month_region,202606,South,order_id,identifier,843,0,0.0,843,false,,,,100.0,false,true,dataprof 0.12.0 column_profiles
snap-2026-09-20,202606-South,month_region,202606,South,order_date,date,843,0,0.0,30,false,,,,,false,true,dataprof 0.12.0 column_profiles
snap-2026-09-20,202606-South,month_region,202606,South,region,string,843,0,0.0,1,false,,,,,false,true,dataprof 0.12.0 column_profiles
snap-2026-09-20,202606-South,month_region,202606,South,category,string,843,11,1.3048635824436536,4,false,,,,,false,true,dataprof 0.12.0 column_profiles
snap-2026-09-20,202606-South,month_region,202606,South,revenue_amount,float,843,0,0.0,839,false,5.14,1986.64,285.5027520759193,,false,true,dataprof 0.12.0 column_profiles
snap-2026-09-20,202607,month,202607,,order_id,identifier,3540,0,0.0,3540,false,,,,100.0,false,true,dataprof 0.12.0 column_profiles
snap-2026-09-20,202607,month,202607,,order_date,date,3540,0,0.0,31,false,,,,,false,true,dataprof 0.12.0 column_profiles
snap-2026-09-20,202607,month,202607,,region,string,3540,0,0.0,3,false,,,,,false,true,dataprof 0.12.0 column_profiles
snap-2026-09-20,202607,month,202607,,category,string,3540,65,1.8361581920903955,4,false,,,,,false,true,dataprof 0.12.0 column_profiles
snap-2026-09-20,202607,month,202607,,revenue_amount,float,3540,0,0.0,3400,false,6.99,3457.68,278.7280988700565,,false,true,dataprof 0.12.0 column_profiles
snap-2026-09-20,202607-Central,month_region,202607,Central,order_id,identifier,1264,0,0.0,1264,false,,,,100.0,false,true,dataprof 0.12.0 column_profiles
snap-2026-09-20,202607-Central,month_region,202607,Central,order_date,date,1264,0,0.0,31,false,,,,,false,true,dataprof 0.12.0 column_profiles
snap-2026-09-20,202607-Central,month_region,202607,Central,region,string,1264,0,0.0,1,false,,,,,false,true,dataprof 0.12.0 column_profiles
snap-2026-09-20,202607-Central,month_region,202607,Central,category,string,1264,19,1.5031645569620253,4,false,,,,,false,true,dataprof 0.12.0 column_profiles
snap-2026-09-20,202607-Central,month_region,202607,Central,revenue_amount,float,1264,0,0.0,1250,false,6.99,3457.68,276.948164556962,,false,true,dataprof 0.12.0 column_profiles
snap-2026-09-20,202607-North,month_region,202607,North,order_id,identifier,1415,0,0.0,1415,false,,,,100.0,false,true,dataprof 0.12.0 column_profiles
snap-2026-09-20,202607-North,month_region,202607,North,order_date,date,1415,0,0.0,31,false,,,,,false,true,dataprof 0.12.0 column_profiles
snap-2026-09-20,202607-North,month_region,202607,North,region,string,1415,0,0.0,1,false,,,,,false,true,dataprof 0.12.0 column_profiles
snap-2026-09-20,202607-North,month_region,202607,North,category,string,1415,27,1.9081272084805656,4,false,,,,,false,true,dataprof 0.12.0 column_profiles
snap-2026-09-20,202607-North,month_region,202607,North,revenue_amount,float,1415,0,0.0,1388,false,8.67,2112.29,280.6329399293286,,false,true,dataprof 0.12.0 column_profiles
snap-2026-09-20,202607-South,month_region,202607,South,order_id,identifier,861,0,0.0,861,false,,,,100.0,false,true,dataprof 0.12.0 column_profiles
snap-2026-09-20,202607-South,month_region,202607,South,order_date,date,861,0,0.0,31,false,,,,,false,true,dataprof 0.12.0 column_profiles
snap-2026-09-20,202607-South,month_region,202607,South,region,string,861,0,0.0,1,false,,,,,false,true,dataprof 0.12.0 column_profiles
snap-2026-09-20,202607-South,month_region,202607,South,category,string,861,19,2.2067363530778166,4,false,,,,,false,true,dataprof 0.12.0 column_profiles
snap-2026-09-20,202607-South,month_region,202607,South,revenue_amount,float,861,0,0.0,851,false,10.06,1932.23,278.21066202090594,,false,true,dataprof 0.12.0 column_profiles
snap-2026-09-20,202608,month,202608,,order_id,identifier,3670,0,0.0,3670,false,,,,100.0,false,true,dataprof 0.12.0 column_profiles
snap-2026-09-20,202608,month,202608,,order_date,date,3670,0,0.0,31,false,,,,,false,true,dataprof 0.12.0 column_profiles
snap-2026-09-20,202608,month,202608,,region,string,3670,0,0.0,3,false,,,,,false,true,dataprof 0.12.0 column_profiles
snap-2026-09-20,202608,month,202608,,category,string,3670,58,1.5803814713896458,4,false,,,,,false,true,dataprof 0.12.0 column_profiles
snap-2026-09-20,202608,month,202608,,revenue_amount,float,3670,0,0.0,3547,false,6.2,2644.68,283.0857983651226,,false,true,dataprof 0.12.0 column_profiles
snap-2026-09-20,202608-Central,month_region,202608,Central,order_id,identifier,1292,0,0.0,1292,false,,,,100.0,false,true,dataprof 0.12.0 column_profiles
snap-2026-09-20,202608-Central,month_region,202608,Central,order_date,date,1292,0,0.0,31,false,,,,,false,true,dataprof 0.12.0 column_profiles
snap-2026-09-20,202608-Central,month_region,202608,Central,region,string,1292,0,0.0,1,false,,,,,false,true,dataprof 0.12.0 column_profiles
snap-2026-09-20,202608-Central,month_region,202608,Central,category,string,1292,22,1.7027863777089782,4,false,,,,,false,true,dataprof 0.12.0 column_profiles
snap-2026-09-20,202608-Central,month_region,202608,Central,revenue_amount,float,1292,0,0.0,1271,false,6.92,2597.12,282.8701238390093,,false,true,dataprof 0.12.0 column_profiles
snap-2026-09-20,202608-North,month_region,202608,North,order_id,identifier,1485,0,0.0,1485,false,,,,100.0,false,true,dataprof 0.12.0 column_profiles
snap-2026-09-20,202608-North,month_region,202608,North,order_date,date,1485,0,0.0,31,false,,,,,false,true,dataprof 0.12.0 column_profiles
snap-2026-09-20,202608-North,month_region,202608,North,region,string,1485,0,0.0,1,false,,,,,false,true,dataprof 0.12.0 column_profiles
snap-2026-09-20,202608-North,month_region,202608,North,category,string,1485,22,1.4814814814814816,4,false,,,,,false,true,dataprof 0.12.0 column_profiles
snap-2026-09-20,202608-North,month_region,202608,North,revenue_amount,float,1485,0,0.0,1468,false,6.2,2644.68,293.0693265993266,,false,true,dataprof 0.12.0 column_profiles
snap-2026-09-20,202608-South,month_region,202608,South,order_id,identifier,893,0,0.0,893,false,,,,100.0,false,true,dataprof 0.12.0 column_profiles
snap-2026-09-20,202608-South,month_region,202608,South,order_date,date,893,0,0.0,31,false,,,,,false,true,dataprof 0.12.0 column_profiles
snap-2026-09-20,202608-South,month_region,202608,South,region,string,893,0,0.0,1,false,,,,,false,true,dataprof 0.12.0 column_profiles
snap-2026-09-20,202608-South,month_region,202608,South,category,string,893,14,1.5677491601343785,4,false,,,,,false,true,dataprof 0.12.0 column_profiles
snap-2026-09-20,202608-South,month_region,202608,South,revenue_amount,float,893,0,0.0,888,false,8.56,1682.63,266.7958902575588,,false,true,dataprof 0.12.0 column_profiles
snap-2026-09-20,202609,month,202609,,order_id,identifier,2268,0,0.0,2268,false,,,,100.0,false,true,dataprof 0.12.0 column_profiles
snap-2026-09-20,202609,month,202609,,order_date,date,2268,0,0.0,20,false,,,,,false,true,dataprof 0.12.0 column_profiles
snap-2026-09-20,202609,month,202609,,region,string,2268,0,0.0,3,false,,,,,false,true,dataprof 0.12.0 column_profiles
snap-2026-09-20,202609,month,202609,,category,string,2268,106,4.673721340388007,4,false,,,,,false,true,dataprof 0.12.0 column_profiles
snap-2026-09-20,202609,month,202609,,revenue_amount,float,2268,0,0.0,2207,false,6.98,1914.54,275.95037477954145,,false,true,dataprof 0.12.0 column_profiles
snap-2026-09-20,202609-Central,month_region,202609,Central,order_id,identifier,905,0,0.0,905,false,,,,100.0,false,true,dataprof 0.12.0 column_profiles
snap-2026-09-20,202609-Central,month_region,202609,Central,order_date,date,905,0,0.0,20,false,,,,,false,true,dataprof 0.12.0 column_profiles
snap-2026-09-20,202609-Central,month_region,202609,Central,region,string,905,0,0.0,1,false,,,,,false,true,dataprof 0.12.0 column_profiles
snap-2026-09-20,202609-Central,month_region,202609,Central,category,string,905,20,2.209944751381215,4,false,,,,,false,true,dataprof 0.12.0 column_profiles
snap-2026-09-20,202609-Central,month_region,202609,Central,revenue_amount,float,905,0,0.0,896,false,9.07,1914.54,268.0134364640884,,false,true,dataprof 0.12.0 column_profiles
snap-2026-09-20,202609-North,month_region,202609,North,order_id,identifier,763,0,0.0,763,false,,,,100.0,false,true,dataprof 0.12.0 column_profiles
snap-2026-09-20,202609-North,month_region,202609,North,order_date,date,763,0,0.0,20,false,,,,,false,true,dataprof 0.12.0 column_profiles
snap-2026-09-20,202609-North,month_region,202609,North,region,string,763,0,0.0,1,false,,,,,false,true,dataprof 0.12.0 column_profiles
snap-2026-09-20,202609-North,month_region,202609,North,category,string,763,78,10.222804718217562,4,false,,,,,false,true,dataprof 0.12.0 column_profiles
snap-2026-09-20,202609-North,month_region,202609,North,revenue_amount,float,763,0,0.0,761,false,6.98,1574.19,281.5724901703801,,false,true,dataprof 0.12.0 column_profiles
snap-2026-09-20,202609-South,month_region,202609,South,order_id,identifier,600,0,0.0,600,false,,,,100.0,false,true,dataprof 0.12.0 column_profiles
snap-2026-09-20,202609-South,month_region,202609,South,order_date,date,600,0,0.0,20,false,,,,,false,true,dataprof 0.12.0 column_profiles
snap-2026-09-20,202609-South,month_region,202609,South,region,string,600,0,0.0,1,false,,,,,false,true,dataprof 0.12.0 column_profiles
snap-2026-09-20,202609-South,month_region,202609,South,category,string,600,8,1.3333333333333335,4,false,,,,,false,true,dataprof 0.12.0 column_profiles
snap-2026-09-20,202609-South,month_region,202609,South,revenue_amount,float,600,0,0.0,600,false,9.48,1695.67,280.7724666666667,,false,true,dataprof 0.12.0 column_profiles
